Product Code,Fund,Folio Number,Scheme Code,Dividend Option,Fund Description,Balance,Pledged,Transaction Date,Transaction Type,Hold Mode,Agent Code,Broker Code,P-OUT Code,Investor ID,Investor Name,Address #1,Address #2,Address #3,City,Pincode,Phone Residence,Phone Office,Fax,Email,AUM,NAV,Report Date,Report Time,To Date
105MSGP,105,77721887803,MS,G,JM Flexi Cap Fund-(Regular) - Growth Option,291.737,0.000,15/09/2026,,1,ARN-335644,,,,DISHIK JAIN,C O RAICHAND BHARATH JAIN 10 554 2 2ND FLOOR SANTHA,PET OPP MANDAPAM NELLORE NELLORE NELLORE NELLORE,ANDHRA PRADESH 524001,NELLORE,524001,,,,dishikjain24@gmail.com,27965.18,95.8575,02/10/2026,122217,02/10/2026
105MSGP,105,77722038502,MS,G,JM Flexi Cap Fund-(Regular) - Growth Option,135.570,0.000,15/09/2026,,1,ARN-335644,,,,NILESH JAIN,S/O KANTILAL JAIND NO 13/1/282,SULOCHANA BUILDINGNELLORENELLOREMU,THU VARI STREET,NELLORE,524001,,,,nileshjain14353@gmail.com,12995.40,95.8575,02/10/2026,122217,02/10/2026
105MSGP,105,77722202482,MS,G,JM Flexi Cap Fund-(Regular) - Growth Option,753.109,0.000,15/09/2026,,1,ARN-335644,,,,PANKAJ JAIN,S/O SHANTI LAL JAIN 13/283GROUND FLOOR DEVI NIVAS,ACHARI STREET KAKARLAVARI STREET NELLORE NELLORE,,NELLORE,524001,,,,ROYALPRINCE2323@YAHOO.COM,72191.15,95.8575,02/10/2026,122217,02/10/2026
105SCGP,105,77722221374,SC,G,JM Small Cap Fund-(Regular) - Growth Option,1189.864,0.000,16/09/2026,,1,ARN-335644,,,,MAMTA JAIN,13-1-282,SULOCHANA BULIDING,NELLORE NELLORE,NELLORE,524001,,,,nileshjain14353@gmail.com,13435.83,11.2919,02/10/2026,122217,02/10/2026
105MSGP,105,77722392476,MS,G,JM Flexi Cap Fund-(Regular) - Growth Option,57.653,0.000,16/09/2026,,1,ARN-335644,,,,KALP JAIN,S/O KANTILAL JAIND NO 13/1/282,SULOCHANA BUILDINGNELLORENELLOREMU,THU VARI STREET,NELLORE,524001,,,,nileshjain14353@gmail.com,5526.47,95.8575,02/10/2026,122217,02/10/2026
105MSGP,105,77722392615,MS,G,JM Flexi Cap Fund-(Regular) - Growth Option,57.653,0.000,16/09/2026,,1,ARN-335644,,,,VIDHI JAIN,13-1-282,SULOCHANA BULIDING,NELLORE NELLORE,NELLORE,524001,,,,nileshjain14353@gmail.com,5526.47,95.8575,02/10/2026,122217,02/10/2026
105MSGP,105,77722597003,MS,G,JM Flexi Cap Fund-(Regular) - Growth Option,57.148,0.000,10/08/2026,,1,ARN-335644,,,,BHAVIN GOYAL,C O KISHORE GOYAL 12 561 FLAT NO 502,5TH FLOOR SAVARALA STREET CHINNA,BAZAR BRINDAVANAM APARTMENT NELLORE,Nellore,524001,,,,bhavinjain260@gmail.com,5478.06,95.8575,02/10/2026,122217,02/10/2026
117EBRG,117,77788283264,EB,G,Mirae Asset Large and Midcap Fund (formerly Mirae Asset Emerging Bluechip Fund)-Regular Plan,198.054,0.000,10/09/2026,,1,ARN-335644,,,,KOYAL RAMESHRAO MULIKAR,C O Rameshrao Mulikar Flat No 301,Plot No 52 Kalinda Residency Gut No,11 Paithan Road Kanchanwadi Opp,Aurangabad,431005,,,,KOYALMULIKAR5@GMAIL.COM,29178.90,147.328,02/10/2026,122217,02/10/2026
127FMGP,127,910135051094,FM,G,Motilal Oswal Midcap Fund-Regular Plan,200.434,0.000,17/08/2026,,1,ARN-335644,,,,DISHIK JAIN,C O RAICHAND BHARATH JAIN 10 554 2 2ND FLOOR SANTHA,PET OPP MANDAPAM NELLORE NELLORE NELLORE NELLORE,ANDHRA PRADESH 524001,NELLORE,524001,,,,dishikjain24@gmail.com,19621.93,97.8972,02/10/2026,122217,02/10/2026
127FMGP,127,910143016474,FM,G,Motilal Oswal Midcap Fund-Regular Plan,497.087,0.000,15/09/2026,,1,ARN-335644,,,,PANKAJ JAIN,13-283 DEVI NIVAS,KAKARLAVARI STREET,,NELLORE,524001,,,,ROYALPRINCE2323@YAHOO.COM,48663.43,97.8972,02/10/2026,122217,02/10/2026
185SCRG,185,3106007341,SC,G,TRUSTMF SMALL CAP FUND-Regular Plan Growth,6367.346,0.000,15/09/2026,,1,ARN-335644,,,,PANKAJ JAIN,S/O SHANTI LAL JAIN 13/283GROUND FLOOR DEVI NIVAS,ACHARI STREET KAKARLAVARI STREET NELLORE NELLORE,,NELLORE,524001,,,,ROYALPRINCE2323@YAHOO.COM,84239.99,13.23,02/10/2026,122217,02/10/2026
RMFSCGP,RMF,477496367156,SC,G,NIPPON INDIA SMALL CAP FUND-GROWTH PLAN GROWTH OPTION,77.400,0.000,15/09/2026,,1,ARN-335644,,,,JHINAL JAIN,C/O BHARATH JAIN 10554-2 2ND FLOOR SANTHA PET OPP,MANDAPAM NELLORE,,NELLORE,524001,,,,JHINALJAIN05@GMAIL.COM,13849.97,178.9402,02/10/2026,122217,02/10/2026
RMFEARG,RMF,477499773703,EA,G,NIPPON INDIA LARGE CAP FUND-GROWTH PLAN GROWTH OPTION,101.326,0.000,15/09/2026,,1,ARN-335644,,,,ZALAK JAIN,W/o Pankaj Jain 13/283 Ground Floor Devi,Nivas Kakarlavari Street Achari Street,Vtc Nellore Po Nellore Subdist Nellore,Nellore,524001,,,,ROYALPRINCE2323@YAHOO.COM,8537.25,84.2553,02/10/2026,122217,02/10/2026
RMFSCGP,RMF,477503237852,SC,G,NIPPON INDIA SMALL CAP FUND-GROWTH PLAN GROWTH OPTION,10.906,0.000,15/09/2026,,1,ARN-335644,,,,MOHANLAL CHOUDHARY,17-2-148 oasis avenue Achari street S B I bank barkas,centre Nellore Nellore,,Nellore,524001,,,,mlal2978@gmail.com,1951.52,178.9402,02/10/2026,122217,02/10/2026
